<?xml version="1.0" encoding="utf-8"?>
<!--
/* Copyright (c) 2017, The Linux Foundation. All rights reserved.
 *
 * Redistribution and use in source and binary forms, with or without
 * modification, are permitted provided that the following conditions are
 * met:
 * * Redistributions of source code must retain the above copyright
 * notice, this list of conditions and the following disclaimer.
 * * Redistributions in binary form must reproduce the above
 * copyright notice, this list of conditions and the following
 * disclaimer in the documentation and/or other materials provided
 * with the distribution.
 * * Neither the name of The Linux Foundation nor the names of its
 * contributors may be used to endorse or promote products derived
 * from this software without specific prior written permission.
 *
 * THIS SOFTWARE IS PROVIDED "AS IS" AND ANY EXPRESS OR IMPLIED
 * WARRANTIES, INCLUDING, BUT NOT LIMITED TO, THE IMPLIED WARRANTIES OF
 * MERCHANTABILITY, FITNESS FOR A PARTICULAR PURPOSE AND NON-INFRINGEMENT
 * ARE DISCLAIMED. IN NO EVENT SHALL THE COPYRIGHT OWNER OR CONTRIBUTORS
 * BE LIABLE FOR ANY DIRECT, INDIRECT, INCIDENTAL, SPECIAL, EXEMPLARY, OR
 * CONSEQUENTIAL DAMAGES (INCLUDING, BUT NOT LIMITED TO, PROCUREMENT OF
 * SUBSTITUTE GOODS OR SERVICES; LOSS OF USE, DATA, OR PROFITS; OR
 * BUSINESS INTERRUPTION) HOWEVER CAUSED AND ON ANY THEORY OF LIABILITY,
 * WHETHER IN CONTRACT, STRICT LIABILITY, OR TORT (INCLUDING NEGLIGENCE
 * OR OTHERWISE) ARISING IN ANY WAY OUT OF THE USE OF THIS SOFTWARE, EVEN
 * IF ADVISED OF THE POSSIBILITY OF SUCH DAMAGE.
 */
-->

<!--
This XML file declares which signature|privileged permissions should be
granted to privileged applications on Qualcomm devices.
It allows additional grants on top of privapp-permissions-platform.xml
-->

<permissions>
    <privapp-permissions package="com.qti.dpmserviceapp">
        <permission name="android.permission.INTERACT_ACROSS_USERS"/>
    </privapp-permissions>

    <privapp-permissions package="com.qualcomm.qcrilmsgtunnel">
        <permission name="android.permission.INTERACT_ACROSS_USERS"/>
    </privapp-permissions>

    <privapp-permissions package="com.quicinc.cne.CNEService">
        <permission name="android.permission.INTERACT_ACROSS_USERS"/>
        <permission name="android.permission.PACKET_KEEPALIVE_OFFLOAD"/>
    </privapp-permissions>

    <privapp-permissions package="org.codeaurora.ims">
        <permission name="android.permission.INTERACT_ACROSS_USERS"/>
        <permission name="android.permission.READ_PRECISE_PHONE_STATE"/>
        <permission name="android.permission.SUBSTITUTE_NOTIFICATION_APP_NAME"/>
    </privapp-permissions>
</permissions>
