<?xml version="1.0" encoding="UTF-8" standalone="yes" ?>

<!--
/* Copyright (c) 2017, The Linux Foundation. All rights reserved.
 *
 * Redistribution and use in source and binary forms, with or without
 * modification, are permitted provided that the following conditions are
 * met:
 *     * Redistributions of source code must retain the above copyright
 *       notice, this list of conditions and the following disclaimer.
 *     * Redistributions in binary form must reproduce the above
 *       copyright notice, this list of conditions and the following
 *       disclaimer in the documentation and/or other materials provided
 *       with the distribution.
 *     * Neither the name of The Linux Foundation nor the names of its
 *       contributors may be used to endorse or promote products derived
 *       from this software without specific prior written permission.
 *
 * THIS SOFTWARE IS PROVIDED "AS IS" AND ANY EXPRESS OR IMPLIED
 * WARRANTIES, INCLUDING, BUT NOT LIMITED TO, THE IMPLIED WARRANTIES OF
 * MERCHANTABILITY, FITNESS FOR A PARTICULAR PURPOSE AND NON-INFRINGEMENT
 * ARE DISCLAIMED.  IN NO EVENT SHALL THE COPYRIGHT OWNER OR CONTRIBUTORS
 * BE LIABLE FOR ANY DIRECT, INDIRECT, INCIDENTAL, SPECIAL, EXEMPLARY, OR
 * CONSEQUENTIAL DAMAGES (INCLUDING, BUT NOT LIMITED TO, PROCUREMENT OF
 * SUBSTITUTE GOODS OR SERVICES; LOSS OF USE, DATA, OR PROFITS; OR
 * BUSINESS INTERRUPTION) HOWEVER CAUSED AND ON ANY THEORY OF LIABILITY,
 * WHETHER IN CONTRACT, STRICT LIABILITY, OR TORT (INCLUDING NEGLIGENCE
 * OR OTHERWISE) ARISING IN ANY WAY OUT OF THE USE OF THIS SOFTWARE, EVEN
 * IF ADVISED OF THE POSSIBILITY OF SUCH DAMAGE.
 */
-->

<config>
    <!-- These are telephony components that need to freely run in the background -->
    <allow-in-power-save package="com.qualcomm.atfwd" />
    <allow-in-power-save package="com.qualcomm.qti.telephonyservice" />
    <allow-in-power-save package="com.qualcomm.qcrilmsgtunnel" />
    <allow-in-power-save package="com.qualcomm.qti.ims" />

    <!-- These telephony applications need access to non-[System]SDK APIs -->
    <hidden-api-whitelisted-app package="com.qualcomm.uimremoteserver" />
    <hidden-api-whitelisted-app package="com.qualcomm.uimremoteclient" />
    <hidden-api-whitelisted-app package="com.qualcomm.atfwd" />
    <hidden-api-whitelisted-app package="com.qualcomm.qti.autoregistration" />
    <hidden-api-whitelisted-app package="com.qualcomm.qti.callenhancement" />
    <hidden-api-whitelisted-app package="com.qualcomm.qti.callfeaturessetting" />
    <hidden-api-whitelisted-app package="com.qti.qualcomm.datastatusnotification" />
    <hidden-api-whitelisted-app package="com.qti.qualcomm.deviceinfo" />
    <hidden-api-whitelisted-app package="com.qualcomm.qti.modemtestmode" />
    <hidden-api-whitelisted-app package="com.qualcomm.qti.networksetting" />
    <hidden-api-whitelisted-app package="com.qualcomm.qti.qtisystemservice" />
    <hidden-api-whitelisted-app package="com.qualcomm.qti.telephonyservice" />
    <hidden-api-whitelisted-app package="com.qualcomm.qti.radioconfiginterface" />
    <hidden-api-whitelisted-app package="com.qualcomm.qti.roamingsettings" />
    <hidden-api-whitelisted-app package="com.qualcomm.qti.simsettings" />
    <hidden-api-whitelisted-app package="org.codeaurora.ims" />
    <hidden-api-whitelisted-app package="com.qualcomm.qti.ims" />
    <hidden-api-whitelisted-app package="com.qti.xdivert" />
    <hidden-api-whitelisted-app package="com.qualcomm.qcrilmsgtunnel" />
    <hidden-api-whitelisted-app package="com.qualcomm.qti.ltedirect" />
    <hidden-api-whitelisted-app package="com.qualcomm.qti.app" />
    <hidden-api-whitelisted-app package="com.qualcomm.embms" />
    <hidden-api-whitelisted-app package="com.qualcomm.qti.embmstuneaway" />
    <hidden-api-whitelisted-app package="com.qualcomm.qti.lpa" />
    <hidden-api-whitelisted-app package="com.qualcomm.qti.uim" />
</config>
